ID,FirstName,LastName,JobCode,address_AddressID,department_ID,company_ID
1001,MD.Tausif,Alam,JS-006,193e8eef-9c81-43fe-a410-0110796f73b5,1,1
1002,Manish,Jha,JS-007,d9ebe68a-9412-11ee-a14a-325096b39f47,2,2
1003,Faizanul,Abdin,JS-008,d9ebe6d0-9412-11ee-b830-325096b39f47,3,3
1004,Rahul,Yadav,JS-009,d9ebe716-9412-11ee-98c4-325096b39f47,4,4
1005,John,Doe,JS-010,cdbbcb80-01ef-4817-bd67-1a7b86360ab9,5,5
1006,Jane,Smith,JS-011,953d45f7-3453-47bf-927c-4150f29ebff7,6,6
1007,Alice,Johnson,JS-012,d95b3a821-918f-4091-a45e-1ca3a011c03e,7,7
1008,Bob,Williams,JS-013,cf314d5f-e086-4c46-a115-188522e6c7e6,8,8
1009,Emily,Brown,JS-014,d7e120a0-2739-4184-8c23-c27f686b04be,9,9
1010,Michael,Jackson,JS-015,43c3b0dd-fdbe-4516-99a0-78ccd9d42c7b,10,10
1011,Sophia,Miller,JS-016,b77ae705-4c65-4184-a85b-a10af8ebe619,11,11
1012,Liam,Johnson,JS-017,5389a66e-c41e-4e65-9c6f-b2c54fcd66e6,12,12
1013,Olivia,Smith,JS-018,0114d15e-f9cb-4986-95ee-13e1720fb1c7,13,13
1014,Noah,Davis,JS-019,2d97b396-62ce-41ad-9bab-b423f4cd96f6,14,14
1015,Emma,Anderson,JS-020,d523248f-2919-49f9-b94a-1c91eb47e856,15,15